strategy_name,total_return_pct,win_rate,total_pnl,max_drawdown_pct,sharpe_ratio,avg_hold_time_hours,total_trades
6. Vol Diverg,1.231919859328956,69.23076923076923,123.19198593289548,-0.6474044213823771,0.3979438524405397,86.96153846153847,13
3. LVN Accel,1.1334011035175617,84.61538461538461,113.34011035175536,-0.2499999999999948,0.5696905195866364,45.61538461538461,13
5. Trail Stop,1.0883284247347191,69.23076923076923,108.83284247347183,-0.2499999999999976,0.4361201650911177,89.0576923076923,13
1. POC Target,0.47991177053228196,61.53846153846154,47.99117705322897,-0.588626938690664,0.17450477755694127,67.1923076923077,13
4. Multi-Tier,0.15830542887622645,61.53846153846154,15.830542887622869,-0.4610120438737193,0.09784612429753455,80.03846153846153,13
2. VAH Exit,-0.0639833631860709,53.84615384615385,-6.398336318607107,-0.9846822689187925,-0.02422243857096303,78.23076923076923,13
