strategy_name,total_return_pct,win_rate,total_pnl,max_drawdown_pct,sharpe_ratio,avg_hold_time_hours,total_trades
5. Trail Stop,0.9312872541889838,45.45454545454545,93.12872541889737,-0.2893588454258398,0.28725778975650135,41.03409090909091,22
6. Vol Diverg,0.8170413009147559,36.36363636363637,81.70413009147524,-0.9203051360110263,0.18991683637108447,46.40909090909091,22
1. POC Target,0.7980809730205429,50.0,79.8080973020551,-0.28765528865032575,0.25004527342824945,22.96590909090909,22
3. LVN Accel,0.660110488902288,59.09090909090909,66.01104889022827,-0.20232430773822319,0.38142459119134436,16.78409090909091,22
4. Multi-Tier,0.22830618338613995,50.0,22.83061833861393,-0.45573796671352673,0.13104668658228125,30.875,22
2. VAH Exit,0.08509504373273025,45.45454545454545,8.509504373272648,-0.7758909534023428,0.030757193053127803,29.806818181818183,22
