strategy_name,total_return_pct,win_rate,total_pnl,max_drawdown_pct,sharpe_ratio,total_trades
3. LVN Accel,37.34112029743986,62.0253164556962,3734.1120297439847,-4.7878536702103895,0.2594485068033109,79
5. Trail Stop,30.256541488846267,48.10126582278481,3025.654148884627,-5.617040253521797,0.28801998000626133,79
6. Vol Diverg,25.45659861541878,48.10126582278481,2545.659861541877,-3.859452544241901,0.2990550608163539,79
4. Multi-Tier,24.31676648878536,62.0253164556962,2431.676648878536,-4.068411107619212,0.22251664966445855,79
1. POC Target,17.57932247975966,48.10126582278481,1757.9322479759667,-4.357940166474252,0.19090469808171168,79
2. VAH Exit,12.265088128531488,40.50632911392405,1226.5088128531497,-6.916687185846627,0.12119115711395459,79
